[
    {
        "name": "Jukskei river",
        "category": "Rivers",
        "city": "Gauteng",
        "state": "Midrand",
        "id": 1001,
        "isFeatured": false,
        "isFavorite": true,
        "park": "Ellis Park",
        "coordinates": {
            "longitude": 27.92722,
            "latitude": -25.87611
        },
        "description": "The Jukskei River is one of the largest rivers in Johannesburg, South Africa. It is the southernmost river in the Crocodile River basin. It is considered to be a great place to enjoy the outdoors in Lonehill. So this is often why Johannesburg is accredited as possibly having the world's largest man-made forest.",
        "imageName": "jukskeiriver"
    },
    {
        "name": "Zoo Lake",
        "category": "Lakes",
        "city": "Gauteng",
        "state": "Parktown North",
        "id": 1002,
        "isFeatured": false,
        "isFavorite": false,
        "park": "Johannesburg Zoo Park",
        "coordinates": {
            "longitude": 28.0289823,
            "latitude": -26.1550916
        },
        "description": "Zoo Lake is a popular lake and public park in Johannesburg, South Africa. It is part of the Hermann Eckstein Park and is opposite the Johannesburg Zoo. The Zoo Lake consists of two dams, an upper feeder dam, and a larger lower dam, both constructed in natural marshland watered by the Parktown Spruit.",
        "imageName": "zoolake"
    },
    {
        "name": "Northcliff Ridge",
        "category": "Mountains",
        "city": "Gauteng",
        "state": "Northcliff",
        "id": 1003,
        "isFeatured": false,
        "isFavorite": true,
        "park": "Ecopark",
        "coordinates": {
            "longitude":27.98417,
            "latitude": -26.14568
        },
        "description": "Northcliff Hill is believed to have been inhabited by humans for over 250 000 years, and stands at a 1807 metres high, merely one metre lower than Observatory Ridge, which is the highest point in Johannesburg. It is also useful that there is security and parking space available.",
        "imageName": "northcliff"
    },
    {
        "name": "Hamberg Lake",
        "category": "Lakes",
        "city": "Gauteng",
        "state": "Roodepoort",
        "id": 1004,
        "isFeatured": false,
        "isFavorite": true,
        "park": "Florida Park",
        "coordinates": {
            "longitude": 27.8935338,
            "latitude":  -26.1675282
        },
        "description": "Located in suburban Roodepoort, south of the railway line, Florida Lake boasts a bird sanctuary where a lake is home to a host of waterfowl that makes bird watching here a delight. The park also has a putt-putt course, an Olympic-sized swimming pool (that recently underwent repairs) and an adventure park for children. On public holidays the place is usually buzzing. From the air, the lake is a sizeable one, surrounded by large shady trees, and a spot where locals come to launch their canoes and sail boats for relaxation, after which they braai or picnic around the lake.",
        "imageName": "florida"
    },
    {
        "name": "Randpark Lake",
        "category": "Lakes",
        "city": "Gauteng",
        "state": "Randburg",
        "id": 1005,
        "isFeatured": false,
        "isFavorite": false,
        "park": "Randpark Golf Club",
        "coordinates": {
            "longitude":  27.9466986,
            "latitude":  -26.104148
        },
        "description": "Cosy picnic spot for families with small jungle gym area, no entry fee. Quiet and private but beware if not in a group. Lush green grass for walking dogs. Great for,family picnic get together as no space constraints. Parking available close to picnic area. Place is clean and fishing can be done at the small lake to pass the time.",
        "imageName": "randpark"
    },
    {
        "name": "Aalwynkop",
        "category": "Mountains",
        "city": "Gauteng",
        "state": "Magaliesberg",
        "id": 1006,
        "isFeatured": false,
        "isFavorite": false,
        "park": "Mont Rechelle Nature Reserve",
        "coordinates": {
            "longitude": 28.03686,
            "latitude":  -25.82280
        },
        "description": "At Aalwynkop (elevation about 710m above sea level) the footpath skirts around the southern and eastern sides of the hill, before turning in a northerly direction. The main attraction on this section of the trail is mitre aloe (Aloe perfoliata) that blooms around March and lends its name to the trail (Afr. krans aalwyn).",
        "imageName": "aalywankop"
    },
    {
        "name": " Kliprivier",
        "category": "Rivers",
        "city": "Gauteng",
        "state": "Johannesburg",
        "id": 1007,
        "isFeatured": false,
        "isFavorite": false,
        "park": "Kliprivier Nature Reserve",
        "coordinates": {
            "longitude": 28.016667,
            "latitude": -26.583333
        },
        "description": "The Klip River is the main river draining the portion of Johannesburg south of the Witwatersrand, and its basin includes the Johannesburg CBD and Soweto. The mouth of the river is at Vereeniging where it empties into the Vaal River, which is a tributary to the Orange River.",
        "imageName": "klip"
    },
    {
        "name": "Radiokop",
        "category": "Mountains",
        "city": "Gauteng",
        "state": "Roodepoort",
        "id": 1008,
        "isFeatured": false,
        "isFavorite": false,
        "park": "Alles Nek Park",
        "coordinates": {
            "longitude":27.91613,
            "latitude": -26.11465
        },
        "description": "Radiokop is a mountain in South Africa. The prominence is 7m/23ft. By elevation Radiokop is 35 out of 112 in Gauteng, 4 out of 5 in City of Johannesburg Metropolitan Municipality. By prominence Radiokop is 99 out of 112 in Gauteng 5 out of 5 in City of Johannesburg Metropolitan Municipality",
        "imageName": "bakenkop"
    },
    {
        "name": "Victoria Lake",
        "category": "Lakes",
        "city": "Gauteng",
        "state": "Germiston",
        "id": 1009,
        "isFeatured": false,
        "isFavorite": false,
        "park": "Victoria Lake Club",
        "coordinates": {
            "longitude": 28.15985,
            "latitude": -26.23108
        },
        "description": "Victoria Lake Club is located on the banks of Germiston Lake in Gauteng about 10km from Johannesburg in the Ekurhuleni metro. We probably have the best view in Johannesburg from the wooden deck of our club house. From here you can watch Kingfishers diving for small fish and enjoy the best sunset in Gauteng. Our venue is popular with non-members as our function rooms are the perfect for weddings, functions and conferences. The club has extensive facilities to cater for almost any function. We regularly cater for weddings, parties, kiddie's parties, spit braais, conferences and training sessions.",
        "imageName": "victorialake"
    },
    {
        "name": "Cradle Moon",
        "category": "Lakes",
        "city": "Gauteng",
        "state": "Muldersdrift",
        "id": 1010,
        "isFeatured": true,
        "isFavorite": false,
        "park": "Cradle Moon Mountain Bike Park",
        "coordinates": {
            "longitude": 27.8588,
            "latitude": -25.9621
        },
        "description": "The lake is frequently used by paddlers, canoeists, fly fisherman and open-water swimmers as it is a clean and safe body of water. Cradle Moon Lake has played host to multiple swimming events including the Rockman Ultra Triathlon and the Midmar Mile qualification rounds.",
        "imageName": "cradlemoon"
    },
    {
        "name": "Klein-jukskeirivier",
        "category": "Rivers",
        "city": "gauteng",
        "state": "Midrand",
        "id": 1011,
        "isFeatured": false,
        "isFavorite": false,
        "park": "Juweel Park",
        "coordinates": {
            "longitude": 27.96296,
            "latitude":-25.99788
        },
        "description": "The Klein Jukskei River is a small but important river system in Gauteng. It begins in the Witwatersrand ridge and flows into the Jukskei River, which eventually joins the Crocodile River and forms part of the Limpopo River system.",
        "imageName": "klein"
    },
    {
        "name": "Homestead Lake",
        "category": "Lakes",
        "city": "Gauteng",
        "state": "Benoni",
        "id": 1012,
        "isFeatured": false,
        "isFavorite": false,
        "park": "Homestead Lake Park",
        "coordinates": {
            "longitude": 28.289449,
            "latitude": -26.165090
        },
        "description": "Rated by many as a great place for a stroll with the kids or the dog, a picnic, braai or even a swim in the lake. This dam also boasts a very healthy population of bass, kurper, carp and barbel. Homestead Dam is probably one of the most popular spots to fish on the East Rand, with ample parking and safety provided by regular patrols by not only the local EMPD, but SAPS and local security companies like CMS.",
        "imageName": "homestead"
    }
]
